application_id,age,income_annual_inr,employment_type,employment_years,existing_loans,existing_emi_inr,credit_score,loan_amount_inr,loan_purpose,ltv_ratio,dti_ratio,default_flag
APP-0001,47,840000,self_employed,20,1,6772,681,500000,medical,0.61,0.15,0
APP-0002,56,300000,contract,7,3,44496,815,2500000,personal,0.52,2.58,1
APP-0003,45,2400000,contract,7,1,10560,596,500000,home,0.92,0.07,0
APP-0004,27,840000,government,13,0,0,548,2500000,home,0.63,0.29,0
APP-0005,56,300000,contract,17,1,12920,654,250000,vehicle,0.92,0.6,0
APP-0006,50,1200000,self_employed,17,1,3607,686,100000,home,0.49,0.04,0
APP-0007,48,300000,contract,3,1,8075,622,250000,personal,0.62,0.4,0
APP-0008,25,1800000,self_employed,15,2,23872,627,1000000,vehicle,0.59,0.21,0
APP-0009,25,420000,self_employed,20,3,15111,716,250000,vehicle,0.63,0.49,0
APP-0010,57,600000,contract,8,2,9840,705,500000,vehicle,0.77,0.28,0
APP-0011,22,1200000,salaried,11,1,9176,560,1000000,business,0.63,0.17,0
APP-0012,27,420000,salaried,12,3,30822,768,250000,education,0.87,0.94,1
APP-0013,41,300000,government,7,1,9284,641,100000,business,0.63,0.4,0
APP-0014,26,1200000,government,11,3,35208,807,250000,education,0.64,0.37,0
APP-0015,32,600000,contract,20,3,18558,558,500000,home,0.77,0.45,0
APP-0016,34,1800000,self_employed,9,3,43713,794,250000,business,0.87,0.3,0
APP-0017,47,300000,salaried,17,1,3021,486,5000000,vehicle,0.68,1.72,1
APP-0018,35,600000,contract,15,2,12562,652,5000000,home,0.95,1.05,0
APP-0019,26,1200000,salaried,2,3,23730,610,5000000,personal,0.72,0.64,1
APP-0020,28,2400000,contract,13,1,7338,754,1000000,education,0.47,0.08,0
APP-0021,50,2400000,contract,14,1,8895,679,2500000,medical,0.61,0.14,0
APP-0022,52,1200000,contract,6,0,0,743,250000,business,0.69,0.02,0
APP-0023,53,300000,government,1,2,26758,749,500000,vehicle,0.47,1.23,0
APP-0024,47,300000,salaried,11,1,12097,685,500000,vehicle,0.86,0.64,1
APP-0025,48,420000,self_employed,4,3,17445,663,100000,personal,0.91,0.52,0
APP-0026,33,1800000,government,18,0,0,795,100000,medical,0.47,0.01,0
APP-0027,56,300000,salaried,17,3,17184,595,250000,personal,0.73,0.77,0
APP-0028,32,600000,salaried,11,3,18240,790,500000,vehicle,0.81,0.44,0
APP-0029,55,1800000,salaried,8,3,42525,717,250000,personal,0.64,0.3,0
APP-0030,27,2400000,self_employed,6,3,27339,545,500000,education,0.72,0.16,0
APP-0031,23,600000,self_employed,5,0,0,704,100000,business,0.64,0.02,0
APP-0032,44,420000,government,11,2,7132,617,1000000,education,0.74,0.43,0
APP-0033,23,2400000,government,13,3,34179,650,250000,personal,0.62,0.18,1
APP-0034,37,1800000,government,6,0,0,545,100000,personal,0.92,0.01,0
APP-0035,30,420000,government,2,2,12004,605,100000,medical,0.42,0.37,0
APP-0036,50,300000,self_employed,19,1,8592,639,1000000,vehicle,0.66,0.66,0
APP-0037,45,1200000,self_employed,8,3,19242,672,2500000,vehicle,0.9,0.39,1
APP-0038,52,1800000,self_employed,6,2,11498,644,5000000,personal,0.77,0.34,0
APP-0039,56,300000,self_employed,8,1,14257,657,2500000,home,0.53,1.37,1
APP-0040,58,600000,contract,7,0,0,602,100000,home,0.64,0.02,0
APP-0041,25,1800000,government,6,2,28014,676,500000,vehicle,0.8,0.21,0
APP-0042,44,840000,self_employed,10,2,12490,784,1000000,home,0.92,0.29,0
APP-0043,36,420000,salaried,13,0,0,836,250000,personal,0.48,0.06,0
APP-0044,23,420000,self_employed,8,2,26340,619,500000,home,0.75,0.87,1
APP-0045,49,300000,government,16,3,36441,777,5000000,education,0.58,3.06,1
APP-0046,29,600000,self_employed,3,0,0,584,500000,education,0.74,0.08,0
APP-0047,41,1200000,self_employed,7,3,41691,666,5000000,education,0.44,0.82,1
APP-0048,23,600000,contract,15,3,24771,685,2500000,vehicle,0.73,0.9,1
APP-0049,28,600000,contract,7,0,0,758,1000000,education,0.95,0.16,0
APP-0050,23,300000,salaried,5,3,18453,640,1000000,medical,0.76,1.06,1
APP-0051,23,300000,government,7,1,13940,655,1000000,education,0.5,0.88,1
APP-0052,40,420000,contract,4,2,12052,650,1000000,business,0.75,0.57,1
APP-0053,55,600000,government,6,2,29842,774,100000,education,0.66,0.61,1
APP-0054,40,1200000,contract,7,2,20676,773,500000,personal,0.54,0.25,0
APP-0055,40,420000,self_employed,11,1,11232,689,2500000,home,0.52,0.89,1
APP-0056,31,1200000,salaried,11,3,37542,754,100000,home,0.63,0.38,0
APP-0057,28,300000,salaried,7,0,0,668,5000000,education,0.79,1.6,1
APP-0058,57,1800000,self_employed,3,0,0,717,100000,vehicle,0.56,0.01,0
APP-0059,24,840000,government,16,2,13150,666,500000,medical,0.9,0.24,0
APP-0060,36,2400000,self_employed,17,3,44307,699,1000000,vehicle,0.73,0.26,0
APP-0061,55,2400000,government,1,0,0,641,1000000,home,0.44,0.04,0
APP-0062,57,600000,government,6,2,28708,654,5000000,home,0.8,1.37,1
APP-0063,43,840000,self_employed,6,0,0,617,1000000,personal,0.7,0.11,0
APP-0064,46,600000,salaried,7,2,10410,614,100000,education,0.77,0.22,0
APP-0065,45,840000,government,19,1,12725,763,500000,education,0.62,0.24,0
APP-0066,30,600000,salaried,18,2,10666,763,250000,business,0.69,0.25,0
APP-0067,41,840000,contract,3,2,6962,725,5000000,home,0.67,0.67,1
APP-0068,54,300000,self_employed,15,0,0,645,2500000,vehicle,0.93,0.8,0
APP-0069,44,2400000,salaried,3,0,0,650,1000000,vehicle,0.75,0.04,0
APP-0070,53,1800000,salaried,7,0,0,496,250000,vehicle,0.94,0.01,0
APP-0071,30,2400000,contract,10,0,0,707,5000000,home,0.78,0.2,0
APP-0072,45,2400000,contract,5,2,24804,617,500000,medical,0.89,0.14,0
APP-0073,24,2400000,government,19,2,23572,744,5000000,education,0.5,0.32,0
APP-0074,27,840000,contract,9,2,21708,580,100000,personal,0.49,0.32,0
APP-0075,38,420000,self_employed,1,1,11660,723,500000,business,0.6,0.45,0
APP-0076,38,600000,self_employed,1,1,11961,628,1000000,business,0.55,0.4,0
APP-0077,42,1800000,self_employed,11,1,14317,609,2500000,medical,0.72,0.23,0
APP-0078,51,420000,salaried,13,2,19878,616,2500000,education,0.58,1.14,1
APP-0079,26,300000,self_employed,8,3,16701,804,250000,education,0.44,0.75,1
APP-0080,25,300000,contract,13,1,14945,657,500000,business,0.59,0.76,1
APP-0081,33,1800000,contract,20,3,24681,645,2500000,vehicle,0.66,0.3,0
APP-0082,30,840000,contract,15,1,10448,880,5000000,personal,0.67,0.72,0
APP-0083,56,840000,contract,4,3,10644,848,1000000,vehicle,0.47,0.27,0
APP-0084,46,840000,government,2,1,5070,642,100000,personal,0.64,0.08,0
APP-0085,22,300000,self_employed,19,1,5192,811,500000,home,0.59,0.37,0
APP-0086,24,2400000,self_employed,2,1,6599,641,2500000,vehicle,0.52,0.13,0
APP-0087,33,840000,government,16,2,18016,581,250000,education,0.41,0.29,0
APP-0088,32,1200000,salaried,7,3,22878,820,500000,education,0.5,0.27,0
APP-0089,43,1800000,government,16,3,9714,619,2500000,home,0.58,0.2,0
APP-0090,23,840000,government,1,1,9105,691,500000,education,0.72,0.19,0
APP-0091,42,1800000,government,13,1,12880,735,2500000,home,0.45,0.22,0
APP-0092,27,1800000,self_employed,4,2,18738,575,500000,vehicle,0.87,0.15,1
APP-0093,30,1200000,government,18,3,17250,685,500000,education,0.5,0.21,0
APP-0094,33,420000,salaried,2,1,3539,671,500000,education,0.66,0.22,0
APP-0095,40,1800000,government,19,2,14100,656,250000,education,0.64,0.11,0
APP-0096,27,2400000,self_employed,1,1,8189,734,1000000,business,0.6,0.08,0
APP-0097,36,420000,contract,17,3,22800,541,250000,business,0.92,0.71,0
APP-0098,40,1200000,salaried,7,2,21304,760,5000000,vehicle,0.46,0.61,0
APP-0099,24,420000,salaried,7,2,20330,714,100000,vehicle,0.45,0.6,1
APP-0100,27,300000,government,12,2,11704,683,1000000,business,0.73,0.79,1
APP-0101,52,420000,contract,11,0,0,711,500000,personal,0.42,0.11,0
APP-0102,34,300000,government,8,3,14439,741,500000,personal,0.63,0.74,1
APP-0103,24,420000,contract,4,1,6305,756,100000,personal,0.9,0.2,0
APP-0104,27,2400000,self_employed,7,0,0,761,2500000,business,0.77,0.1,0
APP-0105,39,1800000,government,17,3,15384,556,1000000,personal,0.59,0.16,0
APP-0106,52,2400000,self_employed,17,0,0,631,100000,medical,0.44,0.0,0
APP-0107,55,420000,contract,10,0,0,590,2500000,home,0.44,0.57,1
APP-0108,54,1800000,government,12,1,5532,758,5000000,business,0.59,0.3,0
APP-0109,32,600000,government,8,1,13945,670,2500000,personal,0.46,0.68,0
APP-0110,58,420000,contract,9,2,21052,735,250000,vehicle,0.91,0.66,0
APP-0111,23,1200000,contract,9,0,0,867,250000,personal,0.7,0.02,0
APP-0112,30,840000,self_employed,18,2,12378,696,250000,home,0.84,0.21,0
APP-0113,28,1200000,contract,10,3,37713,774,100000,personal,0.45,0.39,0
APP-0114,45,420000,government,11,0,0,588,5000000,home,0.75,1.14,1
APP-0115,32,1800000,self_employed,10,1,6748,550,500000,vehicle,0.61,0.07,0
APP-0116,38,2400000,salaried,6,1,12662,622,100000,home,0.61,0.07,0
APP-0117,31,420000,contract,10,0,0,795,1000000,vehicle,0.53,0.23,0
APP-0118,26,300000,contract,8,2,21504,584,250000,personal,0.84,0.94,1
APP-0119,49,1200000,government,6,3,15675,678,1000000,business,0.54,0.24,0
APP-0120,46,600000,salaried,20,0,0,635,1000000,personal,0.77,0.16,0
APP-0121,49,1200000,salaried,7,0,0,585,1000000,home,0.5,0.08,0
APP-0122,56,1800000,contract,6,1,13628,619,250000,education,0.61,0.1,0
APP-0123,44,1800000,salaried,19,3,10566,682,1000000,medical,0.47,0.12,0
APP-0124,56,600000,self_employed,9,2,10000,597,250000,business,0.56,0.24,0
APP-0125,47,2400000,self_employed,1,0,0,582,5000000,education,0.68,0.2,0
APP-0126,24,2400000,salaried,16,1,5567,672,500000,medical,0.61,0.05,0
APP-0127,39,1200000,contract,19,3,10665,728,1000000,personal,0.48,0.19,0
APP-0128,52,600000,salaried,16,0,0,834,5000000,personal,0.89,0.8,0
APP-0129,31,300000,self_employed,13,1,6700,675,250000,medical,0.48,0.35,0
APP-0130,44,840000,self_employed,13,3,36840,858,500000,home,0.68,0.58,0
APP-0131,25,1800000,government,8,1,8219,821,250000,business,0.68,0.07,0
APP-0132,49,2400000,contract,12,1,14810,689,100000,education,0.72,0.08,0
APP-0133,31,2400000,salaried,2,2,19138,798,500000,education,0.48,0.12,0
APP-0134,25,600000,salaried,18,0,0,707,1000000,personal,0.46,0.16,0
APP-0135,51,420000,self_employed,5,2,28508,850,500000,business,0.44,0.93,0
APP-0136,53,1800000,self_employed,12,2,21894,807,5000000,home,0.73,0.41,0
APP-0137,24,300000,self_employed,12,3,34827,702,5000000,business,0.79,2.99,1
APP-0138,53,1200000,government,10,3,15030,784,100000,personal,0.43,0.16,0
APP-0139,37,600000,government,3,1,12523,747,2500000,education,0.72,0.65,1
APP-0140,36,1800000,contract,6,1,3790,702,2500000,home,0.8,0.16,0
APP-0141,23,840000,contract,9,2,12310,544,250000,medical,0.86,0.2,0
APP-0142,36,2400000,salaried,11,0,0,648,5000000,home,0.44,0.2,0
APP-0143,25,2400000,contract,6,1,11854,648,2500000,medical,0.89,0.16,0
APP-0144,48,420000,government,13,1,10343,666,500000,business,0.65,0.41,0
APP-0145,44,840000,self_employed,16,1,9111,707,2500000,business,0.88,0.42,0
APP-0146,50,1200000,government,10,2,17734,806,250000,education,0.5,0.2,0
APP-0147,25,600000,contract,19,1,10351,785,1000000,vehicle,0.61,0.37,0
APP-0148,51,420000,salaried,1,3,37689,563,2500000,medical,0.86,1.65,1
APP-0149,28,300000,government,16,1,12717,637,5000000,education,0.72,2.11,1
APP-0150,28,300000,contract,6,1,12081,793,250000,medical,0.75,0.56,0
APP-0151,56,2400000,self_employed,12,1,7849,733,100000,education,0.59,0.04,0
APP-0152,34,1200000,government,10,3,39735,803,250000,education,0.56,0.42,0
APP-0153,56,300000,contract,4,2,26220,834,100000,education,0.48,1.08,0
APP-0154,49,840000,government,3,3,18102,681,1000000,business,0.61,0.37,0
APP-0155,49,420000,contract,9,0,0,472,1000000,education,0.49,0.23,0
APP-0156,56,840000,salaried,1,2,7346,559,100000,home,0.72,0.12,1
APP-0157,46,2400000,government,20,2,27566,605,250000,business,0.83,0.15,0
APP-0158,35,2400000,self_employed,2,3,9036,746,500000,home,0.95,0.07,0
APP-0159,33,300000,contract,19,0,0,713,5000000,education,0.76,1.6,1
APP-0160,29,1200000,government,1,0,0,848,5000000,vehicle,0.6,0.4,0
APP-0161,22,840000,contract,19,1,10478,701,500000,vehicle,0.81,0.21,0
APP-0162,51,840000,self_employed,12,2,6888,695,250000,education,0.54,0.13,0
APP-0163,25,300000,salaried,17,2,26834,670,100000,vehicle,0.61,1.11,1
APP-0164,45,300000,salaried,5,3,43725,673,500000,vehicle,0.78,1.91,1
APP-0165,39,840000,salaried,5,1,9785,656,1000000,personal,0.77,0.25,0
APP-0166,46,840000,contract,7,0,0,746,500000,business,0.69,0.06,0
APP-0167,28,420000,government,13,0,0,647,5000000,vehicle,0.73,1.14,1
APP-0168,52,1200000,contract,1,2,12824,808,5000000,home,0.46,0.53,0
APP-0169,54,600000,salaried,11,1,7100,605,100000,medical,0.81,0.16,0
APP-0170,34,840000,government,8,3,26943,728,2500000,business,0.84,0.67,1
APP-0171,31,2400000,self_employed,1,2,22040,620,500000,home,0.72,0.13,0
APP-0172,23,1200000,self_employed,13,1,4350,564,1000000,vehicle,0.69,0.12,0
APP-0173,36,1800000,contract,3,3,19119,611,100000,home,0.87,0.13,0
APP-0174,23,1800000,contract,15,2,13604,650,5000000,medical,0.63,0.36,0
APP-0175,48,840000,salaried,9,0,0,796,2500000,vehicle,0.58,0.29,0
APP-0176,44,2400000,salaried,11,0,0,738,2500000,vehicle,0.53,0.1,0
APP-0177,52,1200000,contract,6,3,41121,737,250000,education,0.78,0.43,0
APP-0178,40,2400000,salaried,2,0,0,531,1000000,business,0.88,0.04,0
APP-0179,42,300000,contract,13,0,0,769,5000000,home,0.82,1.6,1
APP-0180,38,840000,government,1,1,8081,506,500000,personal,0.9,0.17,0
APP-0181,34,840000,contract,3,2,20260,611,1000000,vehicle,0.7,0.4,0
APP-0182,52,420000,salaried,5,0,0,516,5000000,personal,0.58,1.14,1
APP-0183,37,840000,salaried,10,0,0,678,500000,vehicle,0.95,0.06,0
APP-0184,38,840000,salaried,15,2,12964,702,1000000,personal,0.41,0.3,0
APP-0185,25,2400000,government,16,1,4804,680,2500000,vehicle,0.72,0.12,0
APP-0186,57,300000,salaried,4,2,16322,771,2500000,vehicle,0.89,1.45,1
APP-0187,40,1800000,self_employed,19,0,0,580,5000000,home,0.51,0.27,0
APP-0188,25,2400000,self_employed,3,2,28544,712,100000,medical,0.53,0.15,0
APP-0189,56,300000,government,13,0,0,710,100000,business,0.46,0.03,0
APP-0190,37,2400000,self_employed,12,1,5512,698,2500000,home,0.56,0.13,0
APP-0191,33,1800000,contract,20,3,33876,670,5000000,home,0.71,0.49,0
APP-0192,35,2400000,self_employed,12,3,30231,664,5000000,medical,0.5,0.35,1
APP-0193,45,300000,government,6,2,27660,549,5000000,personal,0.73,2.71,1
APP-0194,32,420000,salaried,7,2,13694,649,2500000,medical,0.73,0.96,1
APP-0195,34,840000,contract,10,2,15348,618,1000000,personal,0.59,0.33,0
APP-0196,35,420000,government,20,3,11376,682,1000000,education,0.62,0.55,0
APP-0197,22,2400000,self_employed,16,1,9808,565,2500000,education,0.6,0.15,0
APP-0198,49,600000,government,5,1,5380,639,2500000,business,0.7,0.51,0
APP-0199,31,840000,salaried,6,3,23589,702,2500000,business,0.76,0.62,0
APP-0200,50,1200000,contract,4,1,7443,697,100000,personal,0.7,0.08,0
APP-0201,38,600000,self_employed,1,1,14752,716,2500000,education,0.94,0.7,0
APP-0202,58,1200000,self_employed,20,0,0,727,1000000,business,0.57,0.08,0
APP-0203,49,600000,self_employed,2,2,16306,701,2500000,business,0.73,0.73,1
APP-0204,29,840000,self_employed,18,1,4864,743,1000000,business,0.85,0.18,0
APP-0205,27,840000,salaried,5,3,34596,687,500000,medical,0.88,0.55,0
APP-0206,48,840000,government,14,1,4667,582,250000,business,0.81,0.1,0
APP-0207,29,420000,self_employed,12,2,21520,805,250000,education,0.53,0.67,0
APP-0208,55,840000,contract,11,0,0,657,250000,home,0.62,0.03,0
APP-0209,32,840000,salaried,7,3,28992,641,500000,medical,0.42,0.47,1
APP-0210,27,2400000,self_employed,6,0,0,586,2500000,vehicle,0.47,0.1,0
APP-0211,41,1800000,government,2,3,36417,670,250000,medical,0.67,0.26,0
APP-0212,58,420000,government,19,3,13296,767,5000000,business,0.75,1.52,1
APP-0213,31,420000,contract,10,2,24110,789,1000000,home,0.67,0.92,1
APP-0214,23,1200000,self_employed,2,0,0,663,100000,business,0.86,0.01,0
APP-0215,50,1800000,salaried,3,0,0,779,2500000,personal,0.55,0.13,0
APP-0216,41,2400000,government,13,2,28108,721,2500000,business,0.64,0.24,0
APP-0217,25,300000,government,14,0,0,576,2500000,personal,0.47,0.8,0
APP-0218,56,1800000,salaried,8,3,35130,700,100000,personal,0.71,0.24,0
APP-0219,44,840000,salaried,5,0,0,744,100000,personal,0.72,0.01,0
APP-0220,56,2400000,government,12,1,10380,546,5000000,home,0.9,0.25,0
APP-0221,26,1800000,self_employed,6,0,0,774,500000,business,0.67,0.03,0
APP-0222,36,1800000,salaried,3,3,38712,714,500000,vehicle,0.6,0.28,0
APP-0223,54,600000,government,10,1,10041,739,250000,medical,0.64,0.24,0
APP-0224,25,1800000,self_employed,14,0,0,774,500000,education,0.52,0.03,0
APP-0225,25,420000,salaried,15,2,9020,659,250000,personal,0.72,0.31,1
APP-0226,22,300000,salaried,12,0,0,688,5000000,home,0.74,1.6,1
APP-0227,38,420000,salaried,4,0,0,606,100000,business,0.9,0.02,0
APP-0228,48,420000,government,7,3,17754,598,100000,business,0.91,0.53,0
APP-0229,25,1800000,salaried,10,1,13163,781,100000,education,0.69,0.09,0
APP-0230,33,1800000,government,18,1,7774,658,100000,medical,0.95,0.06,0
APP-0231,57,1800000,contract,1,0,0,806,250000,education,0.77,0.01,0
APP-0232,58,300000,government,20,2,10710,628,100000,vehicle,0.75,0.46,0
APP-0233,50,2400000,self_employed,15,1,10229,682,500000,vehicle,0.85,0.07,0
APP-0234,38,1800000,contract,17,2,28538,703,250000,business,0.88,0.2,0
APP-0235,53,1200000,self_employed,3,2,20450,714,100000,medical,0.86,0.21,0
APP-0236,36,420000,government,18,1,7076,595,1000000,business,0.7,0.43,1
APP-0237,25,1200000,self_employed,9,0,0,785,1000000,personal,0.63,0.08,0
APP-0238,56,300000,government,4,0,0,724,500000,business,0.45,0.16,0
APP-0239,42,1200000,salaried,12,3,24468,752,500000,education,0.44,0.28,0
APP-0240,55,420000,self_employed,20,2,8094,573,100000,home,0.87,0.25,0
APP-0241,22,2400000,salaried,18,3,16848,787,500000,medical,0.95,0.1,0
APP-0242,48,2400000,salaried,1,3,24267,638,5000000,vehicle,0.53,0.32,1
APP-0243,42,600000,self_employed,4,0,0,654,5000000,personal,0.55,0.8,0
APP-0244,38,1200000,contract,6,3,34512,567,250000,vehicle,0.78,0.37,0
APP-0245,42,1200000,contract,16,2,23268,771,250000,business,0.62,0.25,0
APP-0246,56,300000,salaried,16,1,14232,681,5000000,business,0.57,2.17,1
APP-0247,29,2400000,government,8,1,5586,587,1000000,business,0.69,0.07,0
APP-0248,41,600000,self_employed,16,2,15310,803,100000,business,0.67,0.32,0
APP-0249,43,1800000,self_employed,3,3,22698,660,1000000,personal,0.63,0.2,0
APP-0250,40,1800000,government,19,3,22449,667,250000,medical,0.6,0.16,1
APP-0251,37,420000,salaried,19,3,29088,757,1000000,business,0.55,1.06,1
APP-0252,53,840000,self_employed,5,0,0,629,1000000,vehicle,0.5,0.11,0
APP-0253,34,1800000,government,10,3,37290,691,100000,medical,0.58,0.25,0
APP-0254,34,2400000,contract,14,1,12830,684,250000,education,0.63,0.07,0
APP-0255,55,300000,salaried,14,1,12808,680,500000,home,0.79,0.67,0
APP-0256,56,300000,self_employed,9,1,9693,551,5000000,medical,0.62,1.99,1
APP-0257,53,1200000,self_employed,18,3,39081,685,2500000,personal,0.73,0.59,0
APP-0258,37,600000,salaried,15,3,30636,640,100000,vehicle,0.6,0.63,0
APP-0259,46,1200000,self_employed,15,1,12059,621,5000000,personal,0.68,0.52,1
APP-0260,29,420000,salaried,4,1,3033,783,500000,personal,0.62,0.2,0
APP-0261,29,300000,self_employed,18,2,16942,651,500000,medical,0.92,0.84,1
APP-0262,28,840000,government,1,1,10337,647,5000000,education,0.41,0.72,1
APP-0263,51,300000,government,10,1,10289,625,100000,business,0.85,0.44,0
APP-0264,58,300000,self_employed,10,2,12204,762,100000,education,0.87,0.52,1
APP-0265,30,300000,government,6,1,14265,593,1000000,education,0.46,0.89,1
APP-0266,44,1200000,self_employed,19,3,27879,617,2500000,education,0.79,0.48,0
APP-0267,35,2400000,salaried,19,2,17604,659,1000000,medical,0.68,0.13,0
APP-0268,42,420000,salaried,9,0,0,666,5000000,business,0.85,1.14,0
APP-0269,50,300000,government,17,2,19526,745,5000000,medical,0.89,2.38,1
APP-0270,55,600000,government,14,1,13592,502,1000000,home,0.45,0.43,1
APP-0271,50,840000,self_employed,10,2,28516,735,250000,vehicle,0.42,0.44,0
APP-0272,45,840000,government,15,1,8097,697,2500000,business,0.81,0.4,0
APP-0273,36,1200000,contract,8,3,13731,727,500000,home,0.54,0.18,0
APP-0274,41,1800000,contract,8,3,44304,755,100000,vehicle,0.63,0.3,1
APP-0275,34,1800000,self_employed,14,3,34482,681,500000,medical,0.88,0.26,0
APP-0276,53,300000,contract,2,3,32889,595,100000,medical,0.47,1.35,1
APP-0277,58,300000,government,19,1,3899,697,250000,personal,0.54,0.24,0
APP-0278,41,1800000,self_employed,4,0,0,758,1000000,education,0.8,0.05,0
APP-0279,29,600000,salaried,14,0,0,735,5000000,medical,0.57,0.8,0
APP-0280,37,300000,government,3,3,34620,703,1000000,medical,0.8,1.7,1
APP-0281,25,600000,self_employed,9,2,25248,780,2500000,personal,0.85,0.9,1
APP-0282,42,840000,salaried,12,0,0,735,1000000,medical,0.62,0.11,0
APP-0283,38,300000,self_employed,20,2,23456,618,100000,home,0.64,0.97,1
APP-0284,33,1800000,self_employed,15,1,14213,722,2500000,medical,0.6,0.23,0
APP-0285,31,1200000,self_employed,4,2,20160,652,5000000,business,0.6,0.6,1
APP-0286,53,1800000,self_employed,14,1,11072,566,5000000,vehicle,0.73,0.34,1
APP-0287,25,1200000,government,7,3,22230,617,2500000,home,0.52,0.42,0
APP-0288,57,2400000,salaried,19,1,8639,568,1000000,vehicle,0.93,0.08,0
APP-0289,32,300000,government,5,2,14886,669,1000000,personal,0.55,0.92,1
APP-0290,43,1800000,self_employed,13,3,22011,728,100000,personal,0.94,0.15,0
APP-0291,46,300000,government,18,2,22978,664,500000,education,0.64,1.08,1
APP-0292,28,420000,salaried,6,2,14662,604,2500000,personal,0.6,0.99,1
APP-0293,36,2400000,government,10,2,17288,613,5000000,vehicle,0.74,0.29,0
APP-0294,40,1800000,government,9,0,0,642,1000000,vehicle,0.64,0.05,0
APP-0295,44,1200000,contract,7,3,21321,652,2500000,vehicle,0.51,0.41,0
APP-0296,22,1200000,contract,12,0,0,767,1000000,personal,0.48,0.08,0
APP-0297,38,840000,self_employed,5,3,17250,668,100000,business,0.9,0.26,1
APP-0298,24,2400000,government,15,3,29151,583,500000,business,0.9,0.17,0
APP-0299,50,1200000,contract,4,3,43425,718,5000000,education,0.81,0.83,0
APP-0300,47,420000,contract,1,3,21873,683,100000,vehicle,0.4,0.65,1
APP-0301,33,1800000,contract,8,0,0,643,100000,personal,0.82,0.01,0
APP-0302,54,1800000,government,9,1,7574,789,250000,education,0.85,0.06,0
APP-0303,22,420000,government,14,2,14748,841,2500000,vehicle,0.61,0.99,0
APP-0304,27,300000,self_employed,20,1,11799,734,5000000,medical,0.87,2.07,1
APP-0305,52,600000,salaried,17,2,17946,659,1000000,medical,0.61,0.52,1
APP-0306,37,2400000,self_employed,2,2,16834,724,100000,personal,0.93,0.09,0
APP-0307,54,1800000,self_employed,16,3,26826,655,2500000,education,0.46,0.31,0
APP-0308,58,420000,contract,15,3,32628,740,250000,medical,0.65,0.99,0
APP-0309,31,1200000,government,14,1,3973,551,2500000,personal,0.69,0.24,0
APP-0310,33,1200000,salaried,15,3,39030,597,1000000,medical,0.75,0.47,1
APP-0311,44,300000,self_employed,18,3,32799,673,5000000,personal,0.49,2.91,1
APP-0312,38,1800000,self_employed,1,1,13286,636,2500000,business,0.54,0.22,0
APP-0313,41,1200000,self_employed,18,3,9630,715,5000000,business,0.83,0.5,0
APP-0314,42,1800000,self_employed,10,1,6281,685,5000000,personal,0.83,0.31,0
APP-0315,32,840000,salaried,10,3,21621,621,100000,vehicle,0.44,0.32,0
APP-0316,22,300000,salaried,10,3,11775,753,250000,vehicle,0.5,0.55,0
APP-0317,52,300000,salaried,3,0,0,672,5000000,education,0.91,1.6,1
APP-0318,26,600000,self_employed,10,2,24100,627,2500000,vehicle,0.59,0.88,1
APP-0319,52,2400000,salaried,1,1,13359,692,2500000,education,0.69,0.17,0
APP-0320,36,2400000,contract,9,1,10690,710,5000000,home,0.91,0.25,0
APP-0321,41,420000,salaried,9,3,43587,815,5000000,business,0.5,2.39,1
APP-0322,58,300000,salaried,18,2,17988,641,1000000,home,0.44,1.04,1
APP-0323,53,1800000,contract,10,3,19446,756,5000000,home,0.49,0.4,0
APP-0324,41,1800000,salaried,2,1,7034,656,5000000,business,0.81,0.31,0
APP-0325,37,300000,salaried,12,2,27256,762,250000,vehicle,0.56,1.17,0
APP-0326,43,600000,government,15,1,11762,577,1000000,home,0.62,0.4,1
APP-0327,58,300000,contract,11,0,0,607,250000,business,0.52,0.08,0
APP-0328,33,300000,salaried,5,1,10482,655,5000000,personal,0.52,2.02,1
APP-0329,32,420000,salaried,6,1,14155,647,2500000,medical,0.66,0.98,1
APP-0330,55,1800000,self_employed,15,0,0,723,2500000,personal,0.87,0.13,0
APP-0331,45,1200000,self_employed,8,2,17332,693,250000,personal,0.77,0.19,0
APP-0332,41,840000,contract,6,3,25443,707,5000000,business,0.75,0.93,0
APP-0333,33,1200000,contract,8,0,0,724,250000,business,0.81,0.02,0
APP-0334,29,600000,government,4,3,39330,650,5000000,medical,0.74,1.59,1
APP-0335,52,840000,self_employed,4,1,7847,718,250000,personal,0.66,0.14,0
APP-0336,53,1200000,government,12,2,14230,766,1000000,personal,0.47,0.22,0
APP-0337,55,840000,self_employed,10,2,10044,852,1000000,business,0.91,0.26,0
APP-0338,24,420000,self_employed,1,3,38703,786,500000,business,0.49,1.22,0
APP-0339,37,300000,government,1,1,10847,667,500000,home,0.83,0.59,0
APP-0340,41,600000,government,15,2,24082,707,500000,home,0.89,0.56,1
APP-0341,55,2400000,government,19,2,18320,597,100000,business,0.9,0.1,0
APP-0342,41,1200000,contract,9,3,25671,707,1000000,education,0.95,0.34,0
APP-0343,37,1800000,self_employed,13,1,6384,765,500000,vehicle,0.53,0.07,0
APP-0344,40,840000,government,6,0,0,655,500000,medical,0.46,0.06,0
APP-0345,35,2400000,contract,3,1,6756,706,250000,vehicle,0.62,0.04,0
APP-0346,26,600000,contract,18,2,8822,680,250000,vehicle,0.61,0.22,0
APP-0347,33,300000,government,7,2,21438,485,2500000,home,0.67,1.66,1
APP-0348,32,840000,contract,7,2,11970,761,500000,personal,0.88,0.23,0
APP-0349,36,1200000,contract,13,1,4457,784,100000,education,0.55,0.05,0
APP-0350,37,1200000,self_employed,7,2,10212,656,5000000,medical,0.92,0.5,1
APP-0351,44,2400000,self_employed,10,0,0,706,250000,medical,0.77,0.01,0
APP-0352,34,420000,government,5,2,23828,758,5000000,personal,0.53,1.82,1
APP-0353,58,1800000,self_employed,11,2,20950,608,5000000,education,0.44,0.41,0
APP-0354,35,1800000,government,6,0,0,725,2500000,medical,0.77,0.13,0
APP-0355,27,1800000,government,9,2,12914,629,1000000,personal,0.87,0.14,0
APP-0356,50,420000,salaried,9,1,12797,682,5000000,medical,0.56,1.51,1
APP-0357,34,1200000,salaried,7,1,6927,674,5000000,personal,0.71,0.47,0
APP-0358,49,300000,contract,15,3,44505,824,100000,medical,0.9,1.81,1
APP-0359,51,300000,government,7,1,6150,800,1000000,home,0.6,0.57,0
APP-0360,55,600000,self_employed,5,1,4202,768,5000000,vehicle,0.94,0.88,0
APP-0361,38,600000,self_employed,18,2,16680,683,500000,vehicle,0.41,0.41,1
APP-0362,49,420000,government,4,2,17468,719,500000,home,0.6,0.61,0
APP-0363,34,420000,contract,9,0,0,690,1000000,home,0.53,0.23,0
APP-0364,43,420000,government,7,2,8134,720,5000000,vehicle,0.94,1.38,1
APP-0365,54,1200000,contract,10,1,10385,718,500000,medical,0.58,0.14,0
APP-0366,22,840000,government,13,3,35328,739,5000000,home,0.78,1.08,1
APP-0367,53,600000,government,4,1,8450,755,1000000,medical,0.52,0.33,0
APP-0368,56,420000,self_employed,3,2,27978,696,2500000,home,0.5,1.37,1
APP-0369,57,1800000,contract,15,3,43611,638,2500000,vehicle,0.47,0.42,1
APP-0370,58,420000,salaried,7,2,27974,581,2500000,personal,0.65,1.37,1
APP-0371,41,2400000,government,4,3,42951,760,2500000,personal,0.85,0.31,0
APP-0372,37,1800000,salaried,15,3,36147,647,250000,vehicle,0.63,0.25,0
APP-0373,42,840000,contract,5,1,4230,708,100000,education,0.74,0.07,0
APP-0374,27,420000,contract,4,3,34062,739,250000,home,0.92,1.03,0
APP-0375,50,2400000,self_employed,12,2,25888,674,250000,personal,0.64,0.14,0
APP-0376,47,600000,contract,9,0,0,638,100000,education,0.72,0.02,0
APP-0377,39,1200000,self_employed,11,1,7131,802,100000,business,0.9,0.08,0
APP-0378,42,600000,contract,4,1,3499,588,500000,personal,0.56,0.15,0
APP-0379,34,1800000,salaried,15,2,20752,684,500000,business,0.69,0.17,0
APP-0380,56,300000,government,1,2,10206,535,1000000,personal,0.86,0.73,1
APP-0381,34,420000,government,13,3,19086,683,500000,personal,0.67,0.66,0
APP-0382,30,600000,self_employed,10,2,23082,640,2500000,business,0.7,0.86,0
APP-0383,52,2400000,self_employed,12,2,7030,634,5000000,education,0.4,0.24,1
APP-0384,29,600000,contract,12,2,12704,646,5000000,medical,0.75,1.05,0
APP-0385,53,420000,contract,2,2,28778,702,500000,business,0.59,0.94,0
APP-0386,36,420000,salaried,6,0,0,713,250000,business,0.65,0.06,0
APP-0387,33,420000,contract,3,1,8554,767,2500000,education,0.81,0.82,0
APP-0388,41,420000,salaried,7,3,30369,672,250000,home,0.46,0.92,0
APP-0389,31,1800000,government,8,2,28012,670,2500000,education,0.45,0.32,0
APP-0390,51,420000,government,8,1,13614,628,5000000,medical,0.92,1.53,1
APP-0391,27,600000,contract,9,0,0,606,100000,vehicle,0.54,0.02,0
APP-0392,24,600000,government,5,1,5131,712,250000,education,0.45,0.14,0
APP-0393,56,300000,salaried,17,0,0,685,100000,home,0.49,0.03,0
APP-0394,53,1800000,salaried,20,0,0,734,2500000,medical,0.53,0.13,0
APP-0395,48,420000,government,11,1,9411,686,100000,vehicle,0.92,0.29,0
APP-0396,38,1200000,salaried,20,0,0,630,100000,medical,0.7,0.01,0
APP-0397,54,1200000,salaried,20,1,8657,725,5000000,personal,0.72,0.49,0
APP-0398,55,1800000,government,20,3,22047,697,2500000,business,0.92,0.28,0
APP-0399,30,1800000,contract,12,0,0,659,250000,personal,0.92,0.01,0
APP-0400,45,1800000,self_employed,5,1,3268,621,5000000,education,0.8,0.29,0
APP-0401,22,2400000,contract,18,0,0,579,500000,vehicle,0.9,0.02,0
APP-0402,58,1200000,government,15,3,36822,670,250000,personal,0.56,0.39,0
APP-0403,33,420000,government,17,1,5301,550,250000,vehicle,0.46,0.21,0
APP-0404,43,1800000,contract,12,3,17361,693,100000,education,0.46,0.12,0
APP-0405,36,420000,contract,3,2,7198,657,1000000,vehicle,0.76,0.43,0
APP-0406,29,1200000,government,10,0,0,742,5000000,personal,0.46,0.4,0
APP-0407,45,1200000,contract,6,2,9206,691,2500000,home,0.75,0.29,0
APP-0408,55,420000,contract,11,3,29577,753,1000000,education,0.86,1.07,0
APP-0409,47,300000,self_employed,15,0,0,652,250000,personal,0.66,0.08,0
APP-0410,49,300000,government,18,2,29632,745,2500000,vehicle,0.56,1.99,1
APP-0411,49,420000,contract,11,2,19736,736,500000,vehicle,0.76,0.68,0
APP-0412,32,840000,government,17,3,16947,748,500000,home,0.95,0.3,0
APP-0413,37,1800000,government,20,2,23896,586,250000,education,0.63,0.17,0
APP-0414,28,1800000,contract,10,3,13692,636,2500000,home,0.56,0.22,0
APP-0415,27,840000,government,4,2,15098,719,2500000,education,0.54,0.5,1
APP-0416,57,300000,self_employed,9,2,12350,762,100000,medical,0.79,0.53,0
APP-0417,53,420000,self_employed,20,1,10427,665,500000,home,0.48,0.41,0
APP-0418,44,600000,government,4,2,17308,775,250000,personal,0.48,0.39,0
APP-0419,42,1800000,salaried,3,2,9112,649,2500000,medical,0.86,0.19,0
APP-0420,51,840000,government,11,2,12394,624,1000000,education,0.7,0.29,0
APP-0421,57,840000,salaried,13,2,18262,835,100000,personal,0.63,0.27,0
APP-0422,25,420000,government,10,0,0,700,250000,home,0.87,0.06,0
APP-0423,53,840000,government,12,2,18504,744,5000000,education,0.62,0.84,0
APP-0424,26,1800000,contract,9,1,9167,539,2500000,personal,0.45,0.19,0
APP-0425,36,2400000,government,9,2,27836,705,5000000,education,0.8,0.34,1
APP-0426,33,1800000,government,16,3,41856,699,500000,education,0.53,0.31,0
APP-0427,54,2400000,salaried,13,3,15225,785,1000000,vehicle,0.95,0.12,0
APP-0428,31,600000,salaried,17,2,13438,665,500000,vehicle,0.68,0.35,0
APP-0429,24,1800000,contract,9,0,0,670,1000000,home,0.49,0.05,0
APP-0430,55,300000,government,14,2,21248,747,2500000,personal,0.41,1.65,1
APP-0431,26,600000,contract,20,2,6108,490,100000,medical,0.82,0.14,0
APP-0432,26,420000,self_employed,7,1,9985,652,2500000,medical,0.52,0.86,0
APP-0433,29,1800000,government,15,3,15396,744,1000000,vehicle,0.78,0.16,0
APP-0434,35,420000,government,12,3,28182,627,100000,home,0.8,0.83,1
APP-0435,58,420000,government,13,1,4725,659,250000,home,0.67,0.19,0
APP-0436,25,600000,salaried,17,1,6611,720,2500000,home,0.63,0.53,0
APP-0437,32,300000,self_employed,20,2,23422,555,1000000,personal,0.57,1.26,1
APP-0438,51,840000,government,8,3,40644,703,2500000,education,0.56,0.87,1
APP-0439,53,300000,government,17,2,16828,659,500000,home,0.42,0.83,1
APP-0440,29,1800000,government,17,1,6463,736,250000,personal,0.66,0.06,0
APP-0441,32,840000,salaried,13,2,6672,805,2500000,business,0.75,0.38,0
APP-0442,44,600000,salaried,14,0,0,546,100000,personal,0.76,0.02,0
APP-0443,22,840000,contract,8,2,19800,686,250000,personal,0.71,0.31,0
APP-0444,28,300000,salaried,20,0,0,735,2500000,personal,0.6,0.8,1
APP-0445,41,1800000,contract,11,1,5122,702,100000,education,0.45,0.04,0
APP-0446,38,420000,contract,8,0,0,544,500000,education,0.58,0.11,0
APP-0447,27,420000,contract,6,2,17044,603,250000,medical,0.83,0.54,0
APP-0448,32,600000,contract,4,1,6639,628,2500000,business,0.53,0.53,1
APP-0449,46,1800000,salaried,18,2,27634,647,500000,business,0.78,0.21,0
APP-0450,38,1200000,self_employed,9,1,5331,631,1000000,medical,0.91,0.13,0
APP-0451,35,840000,government,8,2,13622,678,500000,home,0.41,0.25,0
APP-0452,55,1800000,government,5,3,41124,668,250000,home,0.56,0.29,0
APP-0453,28,600000,contract,18,0,0,664,100000,medical,0.78,0.02,0
APP-0454,37,840000,contract,3,2,12800,655,250000,medical,0.46,0.21,0
APP-0455,23,600000,government,20,1,14111,667,500000,personal,0.74,0.36,0
APP-0456,56,1800000,salaried,11,2,28030,654,5000000,personal,0.81,0.45,0
APP-0457,34,2400000,contract,2,0,0,818,500000,personal,0.83,0.02,0
APP-0458,42,300000,government,7,0,0,740,2500000,personal,0.77,0.8,0
APP-0459,53,600000,self_employed,12,2,22322,807,1000000,medical,0.77,0.61,1
APP-0460,30,600000,salaried,1,3,13518,545,250000,vehicle,0.63,0.31,1
APP-0461,49,300000,salaried,20,3,17688,756,1000000,home,0.62,1.03,1
APP-0462,54,600000,government,2,1,6983,813,1000000,medical,0.51,0.3,0
APP-0463,37,1800000,salaried,12,2,12362,744,1000000,home,0.84,0.14,0
APP-0464,44,840000,self_employed,6,3,14943,722,100000,business,0.79,0.22,0
APP-0465,41,600000,salaried,10,1,12459,735,250000,medical,0.9,0.29,0
APP-0466,50,2400000,salaried,8,1,9088,676,2500000,personal,0.57,0.15,0
APP-0467,40,300000,government,16,2,28064,690,100000,vehicle,0.59,1.15,1
APP-0468,44,420000,salaried,5,3,18699,846,2500000,personal,0.58,1.11,0
APP-0469,53,840000,government,11,3,9369,642,500000,medical,0.75,0.19,0
APP-0470,54,2400000,contract,7,1,7042,746,1000000,home,0.41,0.08,0
APP-0471,55,1800000,self_employed,20,2,16420,652,5000000,vehicle,0.41,0.38,0
APP-0472,40,2400000,contract,20,3,20967,509,250000,business,0.89,0.11,0
APP-0473,38,2400000,self_employed,13,3,31620,695,100000,personal,0.62,0.16,0
APP-0474,47,420000,self_employed,9,3,32766,691,500000,home,0.43,1.05,1
APP-0475,27,300000,contract,11,3,33120,681,2500000,personal,0.45,2.12,1
APP-0476,51,420000,contract,5,2,12842,586,250000,business,0.41,0.42,0
APP-0477,40,1200000,contract,12,0,0,661,5000000,vehicle,0.48,0.4,1
APP-0478,52,2400000,self_employed,7,3,28590,666,1000000,education,0.55,0.18,0
APP-0479,53,840000,contract,17,2,19360,730,1000000,personal,0.76,0.39,0
APP-0480,42,420000,contract,8,2,8818,575,100000,personal,0.74,0.27,1
APP-0481,27,420000,salaried,9,0,0,800,2500000,home,0.56,0.57,0
APP-0482,31,840000,government,12,3,32859,640,500000,medical,0.8,0.53,0
APP-0483,41,300000,contract,17,0,0,675,500000,business,0.59,0.16,0
APP-0484,58,840000,contract,8,0,0,712,500000,home,0.41,0.06,0
APP-0485,30,420000,salaried,8,2,27074,627,1000000,business,0.73,1.0,1
APP-0486,48,420000,self_employed,16,1,13905,674,500000,medical,0.55,0.51,1
APP-0487,55,1800000,government,20,0,0,705,1000000,home,0.78,0.05,0
APP-0488,47,420000,self_employed,18,3,41979,876,2500000,medical,0.7,1.77,1
APP-0489,26,1200000,contract,19,2,29548,717,100000,personal,0.55,0.3,0
APP-0490,38,300000,government,19,0,0,703,5000000,business,0.54,1.6,1
APP-0491,54,600000,government,12,2,28222,787,2500000,business,0.53,0.96,0
APP-0492,52,420000,contract,4,2,12322,732,100000,medical,0.52,0.37,0
APP-0493,33,420000,self_employed,6,1,6967,751,2500000,medical,0.8,0.77,1
APP-0494,50,300000,salaried,17,3,19959,571,5000000,home,0.46,2.4,1
APP-0495,34,1200000,salaried,7,1,9651,702,250000,personal,0.89,0.12,0
APP-0496,29,2400000,government,10,1,4269,510,1000000,vehicle,0.89,0.06,0
APP-0497,42,300000,self_employed,6,0,0,620,2500000,medical,0.4,0.8,0
APP-0498,44,600000,contract,20,3,41577,616,2500000,vehicle,0.57,1.23,1
APP-0499,43,420000,salaried,3,3,20196,728,2500000,vehicle,0.59,1.15,1
APP-0500,41,420000,government,11,0,0,706,100000,personal,0.78,0.02,0
APP-0501,50,420000,contract,20,3,37704,656,1000000,business,0.63,1.31,1
APP-0502,47,2400000,self_employed,14,2,14850,609,2500000,personal,0.61,0.17,0
APP-0503,41,420000,salaried,1,3,28458,621,100000,vehicle,0.48,0.84,1
APP-0504,29,840000,contract,16,2,28370,594,2500000,education,0.88,0.69,1
APP-0505,57,1800000,government,6,0,0,696,500000,vehicle,0.7,0.03,0
APP-0506,37,1800000,contract,3,1,10069,699,1000000,business,0.92,0.12,0
APP-0507,52,1800000,salaried,2,0,0,733,5000000,personal,0.72,0.27,0
APP-0508,45,840000,salaried,19,3,9840,598,100000,vehicle,0.56,0.15,0
APP-0509,22,600000,contract,3,2,16484,599,1000000,personal,0.61,0.49,0
APP-0510,48,300000,contract,14,1,13068,737,100000,vehicle,0.89,0.55,0
APP-0511,36,2400000,contract,19,2,20394,683,1000000,home,0.57,0.14,0
APP-0512,52,600000,contract,12,1,5378,690,1000000,medical,0.62,0.27,0
APP-0513,45,420000,government,5,2,29352,672,500000,education,0.57,0.95,0
APP-0514,48,600000,self_employed,6,3,14859,704,5000000,business,0.89,1.1,1
APP-0515,44,300000,self_employed,6,3,21051,564,100000,personal,0.94,0.87,1
APP-0516,42,840000,government,3,3,27177,694,250000,home,0.81,0.42,0
APP-0517,54,600000,contract,14,1,8805,739,5000000,home,0.61,0.98,0
APP-0518,58,420000,government,17,0,0,782,100000,business,0.93,0.02,0
APP-0519,52,2400000,salaried,15,1,11547,864,500000,personal,0.59,0.08,0
APP-0520,38,1800000,self_employed,4,2,7916,672,2500000,home,0.9,0.19,0
APP-0521,44,1200000,government,11,2,23614,668,500000,home,0.86,0.28,0
APP-0522,40,420000,salaried,19,3,21675,775,100000,education,0.6,0.64,0
APP-0523,45,600000,self_employed,15,3,44649,605,100000,education,0.69,0.91,1
APP-0524,26,1200000,government,19,1,8113,633,100000,personal,0.47,0.09,0
APP-0525,52,420000,government,16,0,0,668,500000,personal,0.44,0.11,0
APP-0526,37,600000,government,11,1,10453,751,5000000,home,0.62,1.01,0
APP-0527,39,1200000,salaried,10,1,11830,589,100000,home,0.76,0.13,0
APP-0528,29,300000,salaried,17,0,0,728,100000,personal,0.6,0.03,0
APP-0529,58,840000,salaried,19,1,14277,463,1000000,vehicle,0.95,0.32,1
APP-0530,31,420000,government,15,3,29631,701,2500000,personal,0.45,1.42,1
APP-0531,25,840000,self_employed,10,2,18550,549,5000000,medical,0.52,0.84,1
APP-0532,36,1800000,salaried,16,3,37875,863,5000000,education,0.78,0.52,0
APP-0533,37,420000,self_employed,12,2,25908,674,500000,business,0.44,0.85,1
APP-0534,39,2400000,contract,19,0,0,594,100000,business,0.41,0.0,0
APP-0535,51,600000,salaried,14,3,30981,734,100000,home,0.7,0.64,1
APP-0536,35,300000,salaried,20,2,8654,720,1000000,personal,0.68,0.67,1
APP-0537,54,1200000,government,12,2,28050,796,500000,vehicle,0.89,0.32,0
APP-0538,46,1200000,contract,5,0,0,735,1000000,education,0.73,0.08,0
APP-0539,31,2400000,salaried,10,3,26970,775,1000000,business,0.53,0.17,0
APP-0540,58,420000,salaried,8,2,29140,776,250000,personal,0.57,0.89,1
APP-0541,33,840000,government,18,3,41856,823,1000000,education,0.45,0.71,0
APP-0542,57,1200000,salaried,12,3,30258,759,2500000,vehicle,0.7,0.5,0
APP-0543,24,2400000,salaried,8,1,6657,659,2500000,personal,0.7,0.13,0
APP-0544,41,1800000,contract,18,1,5730,724,1000000,medical,0.92,0.09,0
APP-0545,35,600000,government,13,3,16362,627,2500000,business,0.73,0.73,1
APP-0546,44,840000,contract,1,3,29949,761,500000,personal,0.58,0.48,0
APP-0547,35,2400000,contract,18,3,40701,587,100000,business,0.81,0.21,0
APP-0548,39,420000,self_employed,14,2,12062,808,100000,education,0.65,0.37,0
APP-0549,34,1800000,self_employed,12,0,0,707,2500000,education,0.55,0.13,0
APP-0550,29,1800000,salaried,8,0,0,662,2500000,personal,0.47,0.13,0
APP-0551,45,1800000,contract,12,2,20354,572,5000000,home,0.66,0.4,0
APP-0552,29,840000,salaried,16,2,13024,621,2500000,vehicle,0.86,0.47,0
APP-0553,48,840000,contract,18,0,0,784,100000,home,0.47,0.01,0
APP-0554,43,2400000,salaried,10,1,9630,789,1000000,medical,0.59,0.09,0
APP-0555,52,1800000,contract,16,0,0,703,1000000,personal,0.55,0.05,0
APP-0556,54,1800000,self_employed,10,0,0,611,5000000,medical,0.61,0.27,0
APP-0557,34,420000,contract,3,2,27232,650,100000,home,0.89,0.8,1
APP-0558,23,420000,government,3,1,7974,811,250000,personal,0.5,0.28,0
APP-0559,49,2400000,self_employed,6,0,0,628,5000000,vehicle,0.56,0.2,0
APP-0560,25,300000,government,20,1,4143,606,250000,vehicle,0.4,0.25,0
APP-0561,31,2400000,salaried,18,2,27658,718,2500000,personal,0.49,0.24,0
APP-0562,39,420000,self_employed,20,2,8742,581,2500000,vehicle,0.9,0.82,1
APP-0563,30,300000,salaried,4,1,8349,668,2500000,vehicle,0.53,1.13,0
APP-0564,54,600000,contract,5,1,5334,687,250000,education,0.62,0.15,0
APP-0565,36,420000,salaried,19,1,14059,704,100000,personal,0.64,0.42,0
APP-0566,24,300000,self_employed,9,3,43095,622,250000,education,0.63,1.8,1
APP-0567,53,600000,contract,8,3,35706,633,100000,personal,0.86,0.73,0
APP-0568,30,2400000,salaried,19,1,4957,782,1000000,personal,0.41,0.06,0
APP-0569,55,840000,salaried,2,2,12046,709,1000000,medical,0.88,0.29,0
APP-0570,38,300000,salaried,9,0,0,793,100000,personal,0.94,0.03,0
APP-0571,25,1800000,government,13,1,7388,861,500000,home,0.59,0.08,0
APP-0572,53,300000,salaried,13,0,0,626,2500000,business,0.55,0.8,0
APP-0573,42,840000,self_employed,2,0,0,724,5000000,vehicle,0.77,0.57,0
APP-0574,48,420000,contract,9,0,0,724,500000,vehicle,0.52,0.11,0
APP-0575,50,1800000,self_employed,11,2,27128,617,5000000,business,0.46,0.45,0
APP-0576,44,840000,self_employed,16,3,14292,834,100000,personal,0.78,0.22,0
APP-0577,40,1200000,salaried,7,2,26586,654,5000000,business,0.43,0.67,1
APP-0578,42,420000,government,1,0,0,718,500000,vehicle,0.42,0.11,0
APP-0579,26,2400000,contract,2,1,12032,508,1000000,education,0.46,0.1,0
APP-0580,52,1200000,self_employed,8,1,5014,660,1000000,home,0.61,0.13,0
APP-0581,27,300000,government,14,0,0,715,250000,vehicle,0.92,0.08,0
APP-0582,43,1200000,contract,4,0,0,748,2500000,vehicle,0.83,0.2,0
APP-0583,28,1800000,salaried,14,1,8636,656,250000,education,0.57,0.07,0
APP-0584,30,1800000,salaried,11,2,10496,603,250000,personal,0.77,0.08,0
APP-0585,51,840000,self_employed,8,0,0,839,100000,business,0.41,0.01,0
APP-0586,27,840000,salaried,4,0,0,758,500000,vehicle,0.41,0.06,0
APP-0587,47,2400000,self_employed,7,1,4711,638,250000,personal,0.54,0.03,0
APP-0588,53,1200000,salaried,7,1,5767,778,2500000,vehicle,0.42,0.26,0
APP-0589,38,2400000,contract,3,1,4574,695,5000000,education,0.74,0.22,0
APP-0590,57,2400000,self_employed,12,0,0,716,5000000,home,0.43,0.2,0
APP-0591,28,1800000,government,17,0,0,719,100000,medical,0.44,0.01,0
APP-0592,55,840000,contract,15,1,8012,721,1000000,education,0.49,0.23,0
APP-0593,57,840000,self_employed,18,2,16078,667,2500000,personal,0.63,0.52,0
APP-0594,44,600000,government,6,1,13778,711,2500000,vehicle,0.69,0.68,0
APP-0595,43,300000,salaried,7,1,3068,644,5000000,business,0.43,1.72,1
APP-0596,40,2400000,government,13,3,39636,685,5000000,vehicle,0.68,0.4,0
APP-0597,42,1800000,self_employed,2,2,8912,652,250000,vehicle,0.93,0.07,0
APP-0598,45,1200000,salaried,19,2,9280,545,100000,vehicle,0.49,0.1,0
APP-0599,50,420000,self_employed,1,3,17301,618,250000,medical,0.88,0.55,1
APP-0600,38,420000,salaried,3,0,0,668,500000,personal,0.79,0.11,0
APP-0601,42,420000,salaried,3,1,7037,781,2500000,business,0.41,0.77,0
APP-0602,58,2400000,salaried,17,0,0,632,5000000,home,0.53,0.2,0
APP-0603,33,600000,self_employed,13,2,11134,513,5000000,business,0.81,1.02,1
APP-0604,57,2400000,government,9,1,5887,581,250000,education,0.48,0.04,0
APP-0605,41,2400000,contract,14,0,0,718,100000,home,0.9,0.0,0
APP-0606,24,600000,contract,18,3,15429,662,250000,vehicle,0.68,0.35,0
APP-0607,42,420000,self_employed,6,2,22504,554,100000,personal,0.78,0.67,0
APP-0608,36,840000,contract,1,0,0,750,2500000,education,0.74,0.29,0
APP-0609,26,1200000,salaried,1,2,26034,608,5000000,home,0.64,0.66,1
APP-0610,48,1200000,self_employed,9,1,6304,799,250000,personal,0.62,0.08,0
APP-0611,51,1200000,salaried,11,1,13387,834,500000,education,0.63,0.17,0
APP-0612,47,420000,salaried,11,3,36633,742,1000000,personal,0.75,1.28,1
APP-0613,51,1200000,self_employed,3,1,14360,637,100000,education,0.84,0.15,0
APP-0614,56,1200000,contract,7,1,13650,817,500000,medical,0.91,0.18,0
APP-0615,58,840000,contract,20,1,10159,720,1000000,vehicle,0.79,0.26,0
APP-0616,49,2400000,self_employed,11,3,11958,792,1000000,business,0.66,0.1,0
APP-0617,37,600000,self_employed,11,1,6979,593,5000000,personal,0.9,0.94,0
APP-0618,46,420000,contract,2,0,0,685,2500000,medical,0.92,0.57,0
APP-0619,45,600000,government,5,2,9688,769,100000,education,0.9,0.21,0
APP-0620,33,300000,contract,19,2,27058,760,500000,business,0.44,1.24,1
APP-0621,54,1200000,self_employed,1,0,0,844,2500000,personal,0.77,0.2,0
APP-0622,57,1200000,government,12,2,25936,656,1000000,home,0.51,0.34,0
APP-0623,43,2400000,contract,15,1,13274,616,100000,home,0.76,0.07,0
APP-0624,41,1200000,salaried,11,2,23906,678,1000000,education,0.84,0.32,0
APP-0625,44,2400000,self_employed,10,1,13681,533,100000,home,0.62,0.07,0
APP-0626,31,420000,contract,2,1,4324,625,2500000,education,0.91,0.69,0
APP-0627,55,600000,contract,8,1,10097,694,250000,vehicle,0.45,0.24,0
APP-0628,54,420000,salaried,18,2,20990,790,1000000,vehicle,0.66,0.83,0
APP-0629,57,1800000,government,10,3,26865,618,250000,business,0.71,0.19,0
APP-0630,31,2400000,self_employed,13,3,22389,678,5000000,medical,0.57,0.31,0
APP-0631,35,2400000,contract,16,3,9516,612,500000,business,0.62,0.07,0
APP-0632,29,840000,government,6,2,24386,753,5000000,home,0.78,0.92,1
APP-0633,35,2400000,government,7,3,24792,690,100000,personal,0.74,0.13,0
APP-0634,57,2400000,contract,1,0,0,471,2500000,medical,0.88,0.1,0
APP-0635,41,2400000,self_employed,1,2,24502,623,100000,personal,0.78,0.13,0
APP-0636,50,2400000,contract,8,1,10825,688,250000,personal,0.46,0.06,0
APP-0637,57,420000,contract,5,2,16596,591,5000000,vehicle,0.46,1.62,1
APP-0638,35,1200000,contract,3,1,14019,629,250000,home,0.94,0.16,0
APP-0639,23,840000,contract,17,2,29730,780,250000,vehicle,0.79,0.45,0
APP-0640,51,600000,government,20,3,18531,685,2500000,education,0.6,0.77,0
APP-0641,28,1200000,self_employed,20,0,0,725,2500000,personal,0.9,0.2,0
APP-0642,56,420000,salaried,5,3,32514,765,250000,business,0.59,0.99,1
APP-0643,31,2400000,self_employed,19,3,27729,667,250000,vehicle,0.79,0.15,0
APP-0644,37,420000,self_employed,1,2,14926,817,250000,home,0.68,0.48,0
APP-0645,42,1800000,salaried,18,3,35571,554,500000,vehicle,0.69,0.26,1
APP-0646,55,1800000,contract,16,1,13361,675,250000,home,0.83,0.1,0
APP-0647,45,600000,contract,20,0,0,781,2500000,medical,0.46,0.4,0
APP-0648,49,840000,contract,3,0,0,720,500000,education,0.9,0.06,0
APP-0649,25,1800000,self_employed,8,0,0,577,1000000,home,0.54,0.05,0
APP-0650,36,600000,contract,4,2,9874,721,500000,vehicle,0.5,0.28,0
APP-0651,29,1200000,self_employed,17,0,0,594,2500000,vehicle,0.91,0.2,0
APP-0652,52,420000,self_employed,8,2,18498,489,500000,education,0.94,0.64,0
APP-0653,45,840000,contract,2,3,29814,672,500000,medical,0.67,0.48,0
APP-0654,36,420000,salaried,8,1,13030,746,5000000,home,0.46,1.52,1
APP-0655,42,300000,government,15,2,16940,586,100000,vehicle,0.7,0.71,0
APP-0656,31,840000,salaried,5,2,23174,737,250000,medical,0.91,0.36,0
APP-0657,47,840000,contract,1,3,9903,531,2500000,medical,0.93,0.43,0
APP-0658,47,300000,contract,18,2,15974,675,250000,business,0.62,0.72,1
APP-0659,46,1200000,salaried,1,0,0,453,500000,medical,0.48,0.04,0
APP-0660,40,600000,government,2,3,18477,775,500000,vehicle,0.7,0.45,0
APP-0661,49,840000,self_employed,8,0,0,612,2500000,vehicle,0.46,0.29,0
APP-0662,52,1200000,salaried,19,1,10387,774,2500000,business,0.69,0.3,0
APP-0663,34,1800000,contract,18,2,28086,636,100000,home,0.55,0.19,0
APP-0664,49,600000,contract,20,0,0,769,250000,education,0.52,0.04,0
APP-0665,35,600000,self_employed,9,0,0,766,5000000,education,0.55,0.8,0
APP-0666,35,1200000,contract,11,1,12115,633,1000000,business,0.42,0.2,0
APP-0667,28,1800000,government,7,0,0,786,1000000,personal,0.9,0.05,0
APP-0668,33,420000,self_employed,11,0,0,769,500000,education,0.47,0.11,0
APP-0669,56,600000,salaried,6,0,0,712,1000000,education,0.75,0.16,0
APP-0670,37,840000,salaried,4,1,12050,635,1000000,personal,0.87,0.29,1
APP-0671,24,1200000,government,4,2,15428,811,100000,personal,0.74,0.16,0
APP-0672,46,420000,salaried,8,0,0,652,5000000,personal,0.48,1.14,1
APP-0673,25,2400000,salaried,13,1,12125,707,250000,personal,0.89,0.07,0
APP-0674,24,1200000,government,17,3,35889,686,2500000,education,0.43,0.56,1
APP-0675,27,420000,contract,8,2,20140,729,250000,education,0.56,0.63,0
APP-0676,34,1200000,salaried,12,0,0,665,2500000,education,0.6,0.2,0
APP-0677,36,420000,self_employed,10,1,12059,538,2500000,vehicle,0.49,0.92,0
APP-0678,45,420000,salaried,14,0,0,726,5000000,home,0.44,1.14,1
APP-0679,22,1800000,government,10,1,13958,560,5000000,medical,0.43,0.36,0
APP-0680,27,2400000,contract,11,2,17808,762,500000,education,0.8,0.11,0
APP-0681,37,1200000,government,12,3,29178,772,500000,business,0.47,0.33,0
APP-0682,23,300000,government,11,0,0,646,1000000,vehicle,0.47,0.32,0
APP-0683,55,840000,government,15,3,15207,641,250000,medical,0.65,0.25,0
APP-0684,23,1200000,salaried,8,3,15612,677,250000,medical,0.52,0.18,0
APP-0685,48,1200000,salaried,20,1,5592,830,1000000,vehicle,0.72,0.14,0
APP-0686,41,600000,contract,20,0,0,628,100000,home,0.42,0.02,0
APP-0687,38,1800000,contract,19,2,7320,582,100000,home,0.87,0.05,0
APP-0688,37,1200000,self_employed,5,2,13518,627,250000,personal,0.64,0.16,0
APP-0689,25,2400000,self_employed,11,1,6142,569,2500000,home,0.75,0.13,0
APP-0690,33,840000,self_employed,15,2,27902,773,2500000,home,0.95,0.68,0
APP-0691,32,840000,contract,19,0,0,900,5000000,education,0.91,0.57,0
APP-0692,45,2400000,salaried,12,1,8423,679,500000,home,0.9,0.06,0
APP-0693,58,840000,contract,3,1,4696,614,5000000,business,0.54,0.64,1
APP-0694,24,2400000,self_employed,1,3,44772,651,1000000,business,0.68,0.26,1
APP-0695,30,600000,contract,18,2,17676,679,5000000,education,0.66,1.15,1
APP-0696,52,300000,contract,6,1,7739,656,250000,business,0.78,0.39,0
APP-0697,29,2400000,self_employed,11,2,28440,836,100000,personal,0.63,0.15,0
APP-0698,54,600000,self_employed,14,0,0,709,5000000,home,0.86,0.8,0
APP-0699,47,1200000,government,2,0,0,674,500000,medical,0.42,0.04,0
APP-0700,48,300000,salaried,11,0,0,649,5000000,medical,0.67,1.6,1
APP-0701,57,1800000,contract,20,1,10678,637,1000000,medical,0.83,0.12,0
APP-0702,28,1800000,salaried,18,1,13387,690,5000000,personal,0.63,0.36,0
APP-0703,35,1800000,contract,16,3,42720,692,5000000,medical,0.71,0.55,0
APP-0704,33,1200000,self_employed,20,3,42306,616,100000,business,0.58,0.43,0
APP-0705,43,300000,self_employed,16,0,0,530,2500000,business,0.45,0.8,1
APP-0706,53,1800000,government,2,1,4447,688,250000,personal,0.8,0.04,0
APP-0707,28,1200000,self_employed,10,2,21286,790,2500000,medical,0.56,0.41,0
APP-0708,25,1200000,self_employed,20,0,0,665,250000,home,0.49,0.02,0
APP-0709,51,840000,self_employed,19,0,0,675,500000,vehicle,0.79,0.06,0
APP-0710,28,600000,salaried,7,0,0,620,500000,home,0.89,0.08,0
APP-0711,23,1800000,salaried,7,0,0,677,250000,medical,0.65,0.01,0
APP-0712,58,300000,government,10,2,22968,670,100000,home,0.6,0.95,1
APP-0713,40,300000,self_employed,16,1,5446,684,5000000,personal,0.85,1.82,1
APP-0714,39,1200000,government,12,1,3887,568,500000,business,0.59,0.08,0
APP-0715,30,300000,salaried,12,1,14828,666,1000000,business,0.87,0.91,0
APP-0716,35,2400000,government,14,1,4399,721,500000,vehicle,0.58,0.04,0
APP-0717,43,420000,government,20,1,7894,656,1000000,home,0.91,0.45,0
APP-0718,43,1800000,self_employed,7,2,8458,620,5000000,vehicle,0.51,0.32,0
APP-0719,57,840000,salaried,13,0,0,685,2500000,medical,0.77,0.29,0
APP-0720,22,840000,contract,20,3,39378,671,500000,medical,0.41,0.62,0
APP-0721,30,420000,contract,13,1,11396,666,1000000,business,0.85,0.55,0
APP-0722,56,1200000,government,3,2,14654,621,2500000,vehicle,0.53,0.35,0
APP-0723,37,1200000,salaried,7,0,0,602,1000000,personal,0.82,0.08,0
APP-0724,57,840000,contract,7,2,26458,773,2500000,medical,0.47,0.66,0
APP-0725,49,420000,contract,20,3,18468,769,1000000,vehicle,0.49,0.76,1
APP-0726,39,420000,contract,4,1,13671,680,500000,medical,0.92,0.5,1
APP-0727,57,600000,self_employed,9,3,26346,801,100000,personal,0.89,0.54,0
APP-0728,23,1200000,self_employed,4,3,25443,552,2500000,business,0.68,0.45,0
APP-0729,54,420000,self_employed,4,2,9752,519,2500000,education,0.48,0.85,1
APP-0730,45,300000,salaried,17,1,10254,700,100000,medical,0.53,0.44,1
APP-0731,43,1800000,government,4,0,0,597,500000,home,0.63,0.03,0
APP-0732,45,840000,contract,18,2,12306,590,1000000,medical,0.78,0.29,1
APP-0733,37,1200000,government,11,3,13779,737,500000,vehicle,0.91,0.18,0
APP-0734,50,1800000,contract,20,2,28524,667,250000,medical,0.67,0.2,0
APP-0735,42,1800000,contract,4,2,17700,816,500000,medical,0.75,0.14,0
APP-0736,36,420000,government,16,1,5716,737,5000000,personal,0.7,1.31,1
APP-0737,49,1200000,contract,8,3,35619,672,500000,business,0.77,0.4,1
APP-0738,49,1800000,self_employed,13,3,26124,614,5000000,home,0.55,0.44,1
APP-0739,58,420000,self_employed,14,1,13438,728,500000,medical,0.53,0.5,0
APP-0740,26,1800000,salaried,11,2,16534,585,250000,personal,0.52,0.12,0
APP-0741,41,420000,salaried,6,1,9158,691,5000000,vehicle,0.83,1.4,1
APP-0742,24,840000,government,20,1,5128,677,500000,home,0.86,0.13,0
APP-0743,43,420000,contract,16,2,23076,541,100000,home,0.54,0.68,1
APP-0744,58,2400000,self_employed,7,3,43149,647,2500000,medical,0.47,0.32,0
APP-0745,26,420000,salaried,1,3,41100,611,500000,home,0.44,1.29,1
APP-0746,52,600000,government,8,0,0,799,2500000,vehicle,0.72,0.4,0
APP-0747,47,420000,government,12,3,15435,689,250000,home,0.44,0.5,1
APP-0748,38,2400000,salaried,4,1,6673,635,500000,business,0.54,0.05,0
APP-0749,38,840000,contract,12,1,10803,571,1000000,home,0.84,0.27,0
APP-0750,29,1800000,salaried,12,1,10599,765,5000000,personal,0.82,0.34,0
APP-0751,45,1800000,government,3,3,25164,603,100000,medical,0.86,0.17,0
APP-0752,37,1200000,government,13,1,14327,763,2500000,home,0.47,0.34,0
APP-0753,55,840000,self_employed,7,3,44976,722,2500000,business,0.5,0.93,0
APP-0754,46,600000,salaried,3,1,3699,676,5000000,personal,0.69,0.87,1
APP-0755,36,420000,self_employed,18,3,34155,685,5000000,personal,0.65,2.12,1
APP-0756,49,420000,self_employed,10,0,0,704,1000000,home,0.58,0.23,0
APP-0757,51,1200000,government,4,2,17702,501,500000,education,0.82,0.22,1
APP-0758,56,2400000,salaried,17,0,0,633,100000,personal,0.8,0.0,0
APP-0759,28,600000,government,14,2,8842,672,2500000,vehicle,0.89,0.58,0
APP-0760,48,1800000,government,2,3,23454,662,250000,medical,0.85,0.17,0
APP-0761,45,1800000,self_employed,5,3,34026,723,2500000,business,0.47,0.36,0
APP-0762,42,300000,self_employed,18,2,8558,731,100000,personal,0.81,0.37,0
APP-0763,45,300000,self_employed,19,3,26751,691,500000,vehicle,0.72,1.23,1
APP-0764,48,1800000,contract,7,0,0,701,100000,personal,0.45,0.01,0
APP-0765,50,2400000,self_employed,10,2,10894,597,100000,business,0.44,0.06,0
APP-0766,48,1200000,government,20,2,6894,589,5000000,home,0.69,0.47,0
APP-0767,51,300000,self_employed,16,3,15021,667,2500000,medical,0.68,1.4,1
APP-0768,45,840000,contract,6,2,21036,612,1000000,home,0.8,0.41,0
APP-0769,24,1800000,self_employed,18,3,32574,585,2500000,vehicle,0.83,0.35,1
APP-0770,48,1800000,government,20,0,0,593,1000000,personal,0.51,0.05,0
APP-0771,31,420000,salaried,20,1,7425,638,2500000,home,0.51,0.78,0
APP-0772,48,300000,government,6,0,0,762,250000,vehicle,0.91,0.08,0
APP-0773,24,2400000,salaried,2,0,0,682,2500000,medical,0.77,0.1,0
APP-0774,47,1200000,government,16,1,7766,649,250000,education,0.5,0.1,0
APP-0775,49,1800000,contract,20,3,23370,697,100000,education,0.49,0.16,0
APP-0776,29,300000,self_employed,9,1,11161,684,250000,medical,0.88,0.53,0
APP-0777,28,600000,self_employed,15,2,10818,671,1000000,personal,0.49,0.38,0
APP-0778,41,300000,contract,18,2,16094,635,1000000,education,0.42,0.96,1
APP-0779,57,420000,government,15,2,23682,581,250000,medical,0.93,0.73,1
APP-0780,56,1200000,contract,19,1,9291,613,100000,home,0.59,0.1,0
APP-0781,52,1800000,government,19,2,9900,657,5000000,home,0.53,0.33,0
APP-0782,35,1200000,self_employed,16,3,13746,683,100000,personal,0.6,0.15,0
APP-0783,33,1800000,government,19,3,24285,752,250000,business,0.83,0.18,0
APP-0784,28,600000,contract,19,3,39339,640,500000,home,0.71,0.87,1
APP-0785,39,2400000,government,5,0,0,731,250000,home,0.74,0.01,0
APP-0786,35,1200000,self_employed,1,0,0,568,500000,education,0.45,0.04,0
APP-0787,54,300000,government,14,3,43539,564,1000000,vehicle,0.68,2.06,1
APP-0788,56,840000,salaried,13,3,34452,563,500000,vehicle,0.76,0.55,0
APP-0789,26,300000,contract,12,2,29084,473,2500000,medical,0.62,1.96,1
APP-0790,31,300000,self_employed,18,2,10786,666,100000,personal,0.53,0.46,0
APP-0791,25,300000,government,15,2,27148,691,2500000,vehicle,0.62,1.89,1
APP-0792,44,420000,contract,4,2,11476,675,1000000,business,0.53,0.56,0
APP-0793,27,840000,salaried,9,0,0,738,100000,business,0.62,0.01,0
APP-0794,40,420000,government,1,2,29590,644,100000,vehicle,0.77,0.87,1
APP-0795,26,420000,government,15,0,0,762,5000000,education,0.42,1.14,1
APP-0796,47,1200000,self_employed,1,1,14859,728,5000000,home,0.64,0.55,1
APP-0797,44,420000,self_employed,12,3,11454,649,500000,medical,0.9,0.44,0
APP-0798,23,2400000,government,3,2,21896,758,500000,personal,0.89,0.13,0
APP-0799,42,300000,government,15,2,9850,709,1000000,education,0.44,0.71,0
APP-0800,37,2400000,contract,14,2,28712,648,1000000,education,0.51,0.18,0
APP-0801,48,2400000,salaried,11,1,5511,728,5000000,vehicle,0.89,0.23,0
APP-0802,41,1800000,self_employed,4,2,15526,660,2500000,vehicle,0.9,0.24,0
APP-0803,48,1200000,self_employed,16,3,44307,721,100000,vehicle,0.86,0.45,0
APP-0804,44,300000,salaried,4,1,7393,551,1000000,business,0.51,0.62,1
APP-0805,33,600000,contract,11,1,4539,834,5000000,medical,0.51,0.89,0
APP-0806,53,300000,government,11,0,0,844,250000,personal,0.71,0.08,0
APP-0807,22,600000,contract,9,3,17808,663,1000000,medical,0.47,0.52,0
APP-0808,28,840000,self_employed,17,0,0,622,2500000,vehicle,0.59,0.29,0
APP-0809,46,1200000,government,11,1,12219,678,5000000,personal,0.6,0.52,0
APP-0810,45,600000,government,10,2,20478,677,100000,vehicle,0.54,0.43,0
APP-0811,51,840000,government,5,0,0,607,500000,home,0.69,0.06,0
APP-0812,29,2400000,contract,20,2,10212,741,250000,personal,0.77,0.06,0
APP-0813,49,600000,government,17,0,0,721,1000000,personal,0.64,0.16,0
APP-0814,43,1200000,self_employed,19,2,29960,568,100000,personal,0.58,0.31,1
APP-0815,42,2400000,government,10,0,0,645,100000,home,0.43,0.0,0
APP-0816,29,2400000,salaried,5,3,38022,623,1000000,medical,0.85,0.23,0
APP-0817,46,2400000,salaried,9,0,0,800,1000000,personal,0.49,0.04,0
APP-0818,22,300000,self_employed,17,2,6290,642,500000,personal,0.8,0.41,0
APP-0819,30,1800000,salaried,13,0,0,683,5000000,vehicle,0.87,0.27,0
APP-0820,36,300000,government,16,1,6910,745,250000,education,0.87,0.36,0
APP-0821,44,420000,self_employed,18,0,0,658,250000,medical,0.57,0.06,0
APP-0822,39,2400000,contract,6,2,8104,802,500000,business,0.42,0.06,0
APP-0823,22,1200000,government,5,3,44868,745,100000,personal,0.63,0.46,1
APP-0824,55,1200000,self_employed,6,3,25884,802,5000000,personal,0.69,0.66,0
APP-0825,39,2400000,self_employed,10,3,38610,691,5000000,business,0.81,0.39,0
APP-0826,25,420000,government,18,1,7344,745,100000,personal,0.64,0.23,0
APP-0827,41,300000,self_employed,17,1,12047,776,2500000,medical,0.86,1.28,0
APP-0828,50,840000,self_employed,19,0,0,612,100000,medical,0.95,0.01,0
APP-0829,53,300000,contract,18,0,0,620,250000,business,0.43,0.08,0
APP-0830,51,420000,government,14,0,0,702,2500000,home,0.67,0.57,1
APP-0831,57,1800000,government,16,2,22470,812,2500000,home,0.47,0.28,0
APP-0832,39,600000,salaried,20,2,29440,674,2500000,vehicle,0.71,0.99,1
APP-0833,42,300000,salaried,14,2,26024,755,100000,business,0.92,1.07,0
APP-0834,45,840000,contract,4,0,0,556,5000000,home,0.44,0.57,0
APP-0835,43,420000,salaried,14,1,8501,563,5000000,vehicle,0.87,1.39,1
APP-0836,51,300000,salaried,6,1,10863,741,2500000,medical,0.57,1.23,1
APP-0837,49,600000,salaried,13,0,0,801,250000,vehicle,0.53,0.04,0
APP-0838,44,300000,salaried,16,3,20283,717,100000,personal,0.82,0.84,1
APP-0839,57,1200000,government,20,3,29382,660,100000,personal,0.7,0.3,1
APP-0840,41,600000,contract,8,1,8246,506,1000000,vehicle,0.67,0.32,0
APP-0841,51,600000,salaried,20,0,0,571,5000000,personal,0.45,0.8,0
APP-0842,42,300000,self_employed,1,2,18354,660,100000,personal,0.73,0.77,1
APP-0843,58,1200000,contract,18,2,24800,768,2500000,medical,0.67,0.45,1
APP-0844,58,600000,contract,11,2,10440,659,1000000,vehicle,0.78,0.37,0
APP-0845,33,2400000,salaried,7,0,0,548,500000,business,0.56,0.02,0
APP-0846,22,600000,contract,17,0,0,646,1000000,medical,0.41,0.16,0
APP-0847,55,1200000,government,8,1,12798,661,5000000,education,0.71,0.53,0
APP-0848,29,420000,self_employed,15,1,8162,583,2500000,personal,0.58,0.8,1
APP-0849,25,2400000,government,12,1,7298,550,500000,medical,0.49,0.06,0
APP-0850,57,2400000,self_employed,9,1,12682,630,5000000,personal,0.85,0.26,0
APP-0851,38,300000,self_employed,20,1,14355,642,2500000,education,0.84,1.37,1
APP-0852,23,1800000,government,17,0,0,606,500000,education,0.68,0.03,0
APP-0853,52,1200000,self_employed,19,2,9158,541,5000000,education,0.79,0.49,1
APP-0854,24,2400000,self_employed,8,3,34854,508,100000,business,0.55,0.18,0
APP-0855,32,1200000,self_employed,16,3,23181,780,5000000,education,0.55,0.63,0
APP-0856,55,2400000,contract,18,2,21488,789,5000000,vehicle,0.62,0.31,0
APP-0857,39,300000,self_employed,15,3,12510,647,250000,personal,0.62,0.58,0
APP-0858,56,420000,salaried,2,2,17820,652,500000,personal,0.71,0.62,0
APP-0859,36,1800000,contract,12,1,7441,676,5000000,vehicle,0.67,0.32,0
APP-0860,54,1200000,contract,14,3,29760,676,2500000,personal,0.51,0.5,0
APP-0861,31,840000,government,13,0,0,723,250000,home,0.76,0.03,0
APP-0862,34,2400000,self_employed,10,1,13146,572,250000,vehicle,0.77,0.08,0
APP-0863,38,2400000,self_employed,12,3,41592,792,2500000,business,0.57,0.31,0
APP-0864,28,840000,salaried,7,2,17400,541,250000,vehicle,0.92,0.28,0
APP-0865,34,840000,salaried,13,3,18825,624,1000000,personal,0.56,0.38,0
APP-0866,30,2400000,government,16,3,41058,682,2500000,medical,0.92,0.31,0
APP-0867,46,2400000,self_employed,16,1,4507,717,500000,education,0.43,0.04,0
APP-0868,58,1200000,government,16,2,25346,695,2500000,medical,0.42,0.45,0
APP-0869,52,420000,contract,15,0,0,812,1000000,vehicle,0.54,0.23,0
APP-0870,51,2400000,self_employed,14,2,16210,644,250000,education,0.89,0.09,0
APP-0871,56,1800000,self_employed,13,0,0,629,250000,vehicle,0.76,0.01,0
APP-0872,32,420000,government,9,0,0,624,5000000,home,0.42,1.14,1
APP-0873,56,840000,government,14,1,14011,730,5000000,personal,0.52,0.77,0
APP-0874,50,600000,government,19,1,10995,762,1000000,medical,0.64,0.38,0
APP-0875,23,300000,contract,17,2,27594,458,1000000,vehicle,0.62,1.42,1
APP-0876,34,600000,salaried,8,0,0,699,100000,business,0.42,0.02,0
APP-0877,56,420000,self_employed,16,2,14242,856,250000,home,0.91,0.46,0
APP-0878,53,1200000,salaried,16,0,0,756,100000,personal,0.59,0.01,0
APP-0879,40,1800000,salaried,10,0,0,654,5000000,education,0.59,0.27,0
APP-0880,32,1800000,self_employed,15,3,13710,579,5000000,medical,0.51,0.36,0
APP-0881,22,1200000,self_employed,18,3,31155,576,1000000,home,0.7,0.39,0
APP-0882,41,1800000,government,2,0,0,687,5000000,medical,0.65,0.27,0
APP-0883,58,840000,self_employed,3,1,8328,541,500000,medical,0.47,0.18,0
APP-0884,28,600000,contract,15,0,0,514,1000000,business,0.74,0.16,0
APP-0885,52,1200000,self_employed,10,3,20100,699,100000,education,0.42,0.21,0
APP-0886,27,1800000,contract,1,2,13032,678,500000,home,0.72,0.11,0
APP-0887,38,1800000,government,7,3,32952,709,5000000,home,0.55,0.49,0
APP-0888,44,840000,salaried,2,3,19338,644,100000,education,0.46,0.29,0
APP-0889,32,600000,self_employed,6,3,22704,678,2500000,education,0.78,0.85,1
APP-0890,55,420000,salaried,14,2,28432,768,5000000,business,0.46,1.96,1
APP-0891,44,840000,contract,2,1,14983,614,250000,education,0.93,0.24,0
APP-0892,57,600000,self_employed,10,0,0,778,100000,education,0.78,0.02,0
APP-0893,26,840000,government,16,0,0,658,2500000,education,0.72,0.29,0
APP-0894,50,1200000,government,11,0,0,681,100000,education,0.74,0.01,0
APP-0895,48,600000,self_employed,4,0,0,748,100000,vehicle,0.82,0.02,0
APP-0896,46,300000,self_employed,3,0,0,724,250000,home,0.85,0.08,0
APP-0897,51,600000,contract,9,2,23828,695,250000,personal,0.85,0.52,0
APP-0898,56,1800000,contract,7,3,16254,632,250000,home,0.67,0.12,0
APP-0899,27,1800000,contract,18,3,10821,640,1000000,personal,0.84,0.13,0
APP-0900,25,300000,contract,11,0,0,615,5000000,business,0.92,1.6,1
APP-0901,22,600000,salaried,14,2,27052,571,2500000,medical,0.54,0.94,1
APP-0902,26,1800000,government,9,0,0,608,250000,education,0.83,0.01,0
APP-0903,48,300000,self_employed,16,1,8960,678,1000000,personal,0.55,0.68,0
APP-0904,54,1800000,government,7,1,10973,730,250000,vehicle,0.74,0.09,0
APP-0905,34,1800000,self_employed,13,1,12140,649,1000000,business,0.94,0.13,0
APP-0906,28,2400000,government,5,1,8991,832,1000000,home,0.63,0.08,0
APP-0907,38,1200000,government,19,1,5065,668,500000,home,0.54,0.09,0
APP-0908,45,840000,self_employed,18,0,0,654,250000,education,0.8,0.03,0
APP-0909,25,2400000,self_employed,9,0,0,900,100000,education,0.77,0.0,0
APP-0910,39,600000,contract,14,1,7059,789,500000,medical,0.55,0.22,0
APP-0911,53,1200000,salaried,16,3,10278,762,5000000,home,0.86,0.5,0
APP-0912,42,2400000,self_employed,7,3,38502,767,1000000,medical,0.85,0.23,0
APP-0913,24,2400000,contract,17,0,0,718,100000,vehicle,0.82,0.0,0
APP-0914,58,300000,government,20,1,11647,703,2500000,personal,0.67,1.27,0
APP-0915,42,420000,salaried,10,3,10524,850,500000,vehicle,0.86,0.41,0
APP-0916,57,600000,government,10,3,38964,731,100000,education,0.55,0.8,1
APP-0917,57,600000,government,2,1,13076,707,500000,personal,0.68,0.34,0
APP-0918,26,1800000,salaried,17,3,29610,604,100000,home,0.61,0.2,0
APP-0919,40,300000,contract,18,3,25908,762,100000,medical,0.45,1.07,1
APP-0920,41,1800000,contract,5,0,0,652,1000000,education,0.93,0.05,0
APP-0921,28,2400000,government,7,1,11103,667,5000000,education,0.53,0.26,0
APP-0922,42,1200000,government,1,2,26990,617,2500000,home,0.7,0.47,0
APP-0923,58,420000,salaried,16,2,7542,632,5000000,business,0.55,1.36,1
APP-0924,37,420000,salaried,6,1,10168,737,5000000,medical,0.59,1.43,0
APP-0925,32,1200000,contract,14,2,28010,664,100000,personal,0.83,0.29,0
APP-0926,48,1200000,salaried,13,0,0,742,500000,vehicle,0.71,0.04,0
APP-0927,39,420000,contract,20,0,0,848,2500000,medical,0.94,0.57,0
APP-0928,44,600000,government,13,3,36423,556,5000000,personal,0.93,1.53,1
APP-0929,57,840000,self_employed,5,2,26492,816,2500000,education,0.65,0.66,1
APP-0930,35,1800000,contract,2,1,6237,789,1000000,business,0.69,0.09,0
APP-0931,47,1800000,salaried,13,0,0,662,100000,home,0.57,0.01,0
APP-0932,40,1200000,government,18,0,0,695,2500000,medical,0.45,0.2,0
APP-0933,46,420000,salaried,6,0,0,649,2500000,vehicle,0.58,0.57,1
APP-0934,48,2400000,salaried,15,1,3235,599,2500000,education,0.87,0.12,0
APP-0935,47,600000,salaried,8,2,18446,693,1000000,vehicle,0.85,0.53,0
APP-0936,42,1800000,contract,7,3,22764,702,100000,personal,0.62,0.16,0
APP-0937,35,840000,contract,8,2,17298,655,250000,vehicle,0.46,0.28,0
APP-0938,47,2400000,government,19,1,3835,683,250000,medical,0.68,0.03,0
APP-0939,25,1200000,government,18,0,0,588,500000,medical,0.74,0.04,0
APP-0940,52,2400000,self_employed,17,0,0,766,1000000,vehicle,0.52,0.04,0
APP-0941,22,1800000,self_employed,12,3,41847,728,1000000,vehicle,0.62,0.33,0
APP-0942,34,1200000,contract,19,3,12387,564,1000000,education,0.87,0.2,1
APP-0943,31,420000,government,18,2,28542,633,2500000,home,0.79,1.39,1
APP-0944,23,1200000,salaried,16,2,18784,560,500000,education,0.5,0.23,0
APP-0945,30,1800000,self_employed,15,3,13137,704,500000,medical,0.64,0.11,0
APP-0946,55,1800000,salaried,13,2,25050,796,2500000,home,0.69,0.3,0
APP-0947,51,300000,salaried,7,0,0,638,5000000,personal,0.48,1.6,1
APP-0948,57,840000,self_employed,16,2,9740,832,100000,personal,0.67,0.15,0
APP-0949,36,420000,self_employed,17,2,9562,602,5000000,education,0.85,1.42,1
APP-0950,26,840000,government,6,3,44394,613,100000,business,0.63,0.65,1
APP-0951,54,300000,salaried,18,0,0,827,2500000,education,0.87,0.8,0
APP-0952,49,300000,self_employed,1,1,13009,717,2500000,personal,0.65,1.32,0
APP-0953,37,300000,contract,15,1,8384,657,500000,business,0.63,0.5,0
APP-0954,56,1200000,self_employed,12,2,17744,666,1000000,education,0.82,0.26,0
APP-0955,29,600000,self_employed,20,2,11676,786,100000,business,0.67,0.25,0
APP-0956,31,300000,contract,16,1,11034,673,500000,personal,0.69,0.6,0
APP-0957,41,1800000,contract,5,3,10374,879,100000,vehicle,0.73,0.07,0
APP-0958,38,2400000,government,5,0,0,714,250000,vehicle,0.67,0.01,0
APP-0959,33,300000,self_employed,8,3,28047,752,2500000,vehicle,0.85,1.92,1
APP-0960,58,600000,government,1,3,34281,791,5000000,personal,0.74,1.49,1
APP-0961,52,1200000,salaried,19,2,24342,616,250000,education,0.82,0.26,0
APP-0962,46,840000,self_employed,11,1,6302,690,100000,education,0.9,0.1,0
APP-0963,54,420000,self_employed,13,0,0,601,250000,medical,0.94,0.06,0
APP-0964,55,420000,salaried,16,0,0,572,1000000,personal,0.73,0.23,0
APP-0965,39,2400000,self_employed,14,1,6961,642,100000,home,0.84,0.04,0
APP-0966,52,2400000,government,11,1,5994,588,2500000,medical,0.83,0.13,0
APP-0967,33,1200000,salaried,3,2,9284,718,250000,education,0.61,0.11,0
APP-0968,45,2400000,self_employed,12,1,12470,686,100000,medical,0.73,0.07,0
APP-0969,56,2400000,contract,20,0,0,583,500000,personal,0.78,0.02,0
APP-0970,58,300000,government,3,2,9360,685,2500000,home,0.44,1.17,1
APP-0971,36,1800000,self_employed,5,1,3063,558,1000000,business,0.63,0.07,0
APP-0972,50,2400000,self_employed,8,1,13450,664,1000000,home,0.4,0.11,0
APP-0973,36,840000,contract,4,1,3610,689,5000000,business,0.73,0.62,1
APP-0974,49,1800000,government,5,0,0,698,1000000,home,0.53,0.05,0
APP-0975,53,420000,government,4,0,0,754,2500000,business,0.85,0.57,0
APP-0976,50,420000,salaried,15,1,11875,681,500000,personal,0.74,0.45,0
APP-0977,29,1200000,government,5,3,14460,796,250000,home,0.6,0.16,0
APP-0978,42,600000,government,4,3,18216,651,500000,medical,0.46,0.44,0
APP-0979,26,300000,government,9,3,10404,791,5000000,personal,0.57,2.02,1
APP-0980,40,1800000,self_employed,4,0,0,628,2500000,home,0.93,0.13,0
APP-0981,23,300000,government,3,3,36900,642,1000000,medical,0.57,1.8,1
APP-0982,49,600000,self_employed,19,1,11298,760,250000,home,0.5,0.27,0
APP-0983,46,300000,government,8,2,13952,621,500000,medical,0.42,0.72,1
APP-0984,32,300000,self_employed,16,2,9188,603,5000000,education,0.51,1.97,1
APP-0985,43,300000,contract,11,0,0,702,500000,medical,0.94,0.16,0
APP-0986,48,2400000,government,13,1,5252,676,100000,education,0.84,0.03,0
APP-0987,56,420000,self_employed,19,1,11131,612,250000,education,0.88,0.38,0
APP-0988,49,2400000,contract,10,0,0,564,5000000,vehicle,0.7,0.2,0
APP-0989,29,1200000,salaried,4,0,0,632,500000,medical,0.94,0.04,0
APP-0990,50,420000,contract,17,0,0,737,500000,vehicle,0.86,0.11,0
APP-0991,56,1200000,salaried,17,0,0,806,2500000,business,0.79,0.2,0
APP-0992,54,2400000,salaried,6,3,23511,717,5000000,home,0.48,0.32,0
APP-0993,46,600000,contract,19,2,18302,723,100000,personal,0.92,0.38,0
APP-0994,46,1200000,government,2,1,7427,687,5000000,education,0.84,0.47,0
APP-0995,49,1200000,self_employed,18,1,5376,698,500000,medical,0.45,0.09,0
APP-0996,35,420000,contract,20,0,0,555,100000,education,0.84,0.02,0
APP-0997,28,2400000,government,4,3,29238,809,5000000,personal,0.72,0.35,0
APP-0998,32,1800000,government,17,2,23900,501,2500000,personal,0.79,0.29,0
APP-0999,39,840000,contract,19,2,25256,707,1000000,home,0.73,0.48,1
APP-1000,33,1800000,contract,17,3,19044,772,5000000,medical,0.47,0.39,0
